{"v_o": 10, "m": 0.08, "tau": 0.2, "del_u": 0.1, "s": 0.010000000000000002, "R_max": 100, "n_c": 6.5, "r_sep": 10, "r_h": 0.2, "r_roost": 50, "w_s": 1, "w_c": 0.7, "w_a": 0.2, "w_roost_h": 0.2, "w_roost_v": 0.1, "w_rand": 0.05, "C_c": 0.35, "alpha": 0.5, "eps": 1e-05, "sigma": 4.566707989706994, "sigma_sqr": 20.854821863253694}