{"a": 5, "b": 5, "c": 0.0, "eps": 0.1, "h": 0.2, "pi": 3.141592653589793, "c1_a": 1, "c2_a": 2.0, "c1_b": 1, "c2_b": 2.0, "c1_g": 2, "c2_g": 4.47213595499958, "d": 7, "d_prime": 4.2, "r": 9.1, "r_prime": 5.460000000000001}