{"nAgents": 5, "rAgents": 0.5, "initial_spread": 10, "dynamics": "quadcopter", "quad_orient": "NED", "quad_usePrecession": false, "quad_Ts": 0.005, "quad_low_level_pos_P_gain": [1.0, 1.0, 1.0], "quad_low_level_vel_P_gain": [5.0, 5.0, 4.0], "quad_low_level_vel_D_gain": [0.5, 0.5, 0.5], "quad_low_level_vel_I_gain": [5.0, 5.0, 5.0], "quad_low_level_att_P_gain": [8.0, 8.0, 1.5], "quad_low_level_rate_P_gain": [1.5, 1.5, 1.0], "quad_low_level_rate_D_gain": [0.04, 0.04, 0.1], "quad_low_level_velMax": [5.0, 5.0, 5.0], "quad_low_level_rateMax": [3.490658503988659, 3.490658503988659, 0.4363323129985824], "heading_type": 2, "v_heading_adjust": 0.1, "v_heading_saturate": 0.5, "quad_params": {"mB": 1.2, "g": 9.81, "dxm": 0.3, "dym": 0.3, "dzm": 0.05, "IB": [[0.0123, 0.0, 0.0], [0.0, 0.0123, 0.0], [0.0, 0.0, 0.0224]], "invI": [[81.30081300813008, 0.0, 0.0], [0.0, 81.30081300813008, 0.0], [0.0, 0.0, 44.642857142857146]], "IRzz": 2.7e-05, "useIntergral": false, "Cd": 0.1, "kTh": 1.076e-05, "kTo": 1.632e-07, "mixerFM": [[1.076e-05, 1.076e-05, 1.076e-05, 1.076e-05], [3.228e-06, -3.228e-06, -3.228e-06, 3.228e-06], [3.228e-06, 3.228e-06, -3.228e-06, -3.228e-06], [-1.632e-07, 1.632e-07, -1.632e-07, 1.632e-07]], "mixerFMinv": [[23234.200743494424, 77447.33581164808, 77447.33581164808, -1531862.7450980393], [23234.200743494424, -77447.33581164808, 77447.33581164808, 1531862.745098039], [23234.200743494424, -77447.33581164808, -77447.33581164808, -1531862.745098039], [23234.200743494424, 77447.33581164808, -77447.33581164808, 1531862.7450980393]], "minThr": 0.4, "maxThr": 36.72, "minWmotor": 75, "maxWmotor": 925, "tau": 0.015, "kp": 1.0, "damp": 1.0, "motorc1": 8.49, "motorc0": 74.7, "motordeadband": 1}, "tactic_type": "pinning"}