{"a": 5, "b": 5, "c": 0.0, "eps": 0.1, "h": 0.2, "pi": 3.141592653589793, "c1_a": 2, "c2_a": 2.8284271247461903, "c1_b": 3, "c2_b": 3.4641016151377544, "c1_g": 1, "c2_g": 2.0, "d": 5, "d_prime": 0.5, "r": 10, "r_prime": 2.0}