{"a": 5, "b": 5, "c": 0.0, "eps": 0.1, "h": 0.2, "pi": 3.141592653589793, "c1_a": 4, "c2_a": 1.4142135623730951, "c1_b": 1, "c2_b": 2.0, "c1_g": 1, "c2_g": 2.0, "d": 10, "d_prime": 6.0, "r": 13.0, "r_prime": 7.800000000000001}