{"a": 5, "b": 5, "c": 0.0, "eps": 0.1, "h": 0.2, "pi": 3.141592653589793, "c1_a": 1, "c2_a": 2.0, "c1_b": 1, "c2_b": 2.0, "c1_g": 2, "c2_g": 4.47213595499958, "d": 5, "d_prime": 3.0, "r": 6.5, "r_prime": 3.9000000000000004}