{"0": {"Agent 0": {"Neighbour 0": {}, "Neighbour 1": {"(0, 0, 0)": {"Option 4.0": 0.023482767493327537, "Option 15.0": 0.03758630685738967}, "(-10.0, -0.0, 0.0)": {"Option 4.0": 0.007271798944310914, "Option 15.0": 0.007943093216366796}, "(-20.0, -10.0, 0.0)": {"Option 4.0": 0.006602374938584725, "Option 15.0": 0}, "(10.0, -10.0, 0.0)": {"Option 4.0": 0.007302473117437225, "Option 15.0": 0}, "(10.0, -0.0, 0.0)": {"Option 4.0": 0.007644736795946303, "Option 15.0": 0}, "(-0.0, -20.0, 0.0)": {"Option 4.0": 0, "Option 15.0": 0.006618759761126453}}, "Neighbour 2": {"(0, 0, 0)": {"Option 4.0": 0.03865344514681335, "Option 15.0": 0.007954564909019532}, "(-10.0, -0.0, 0.0)": {"Option 4.0": 0, "Option 15.0": 0.01402247642664925}, "(-20.0, -10.0, 0.0)": {"Option 4.0": 0.006602374938584725, "Option 15.0": 0}, "(10.0, -10.0, 0.0)": {"Option 4.0": 0.006914864228819127, "Option 15.0": 0}, "(10.0, -0.0, 0.0)": {"Option 4.0": 0.0073080146215209075, "Option 15.0": 0}, "(-0.0, -20.0, 0.0)": {"Option 4.0": 0, "Option 15.0": 0.006618759761126453}}, "Neighbour 3": {"(0, 0, 0)": {"Option 4.0": 0.02674060190033621, "Option 15.0": 0.03703972174121917}, "(-10.0, -0.0, 0.0)": {"Option 4.0": 0, "Option 15.0": 0.01362627351740435}, "(-20.0, -10.0, 0.0)": {"Option 4.0": 0, "Option 15.0": 0.006602374938584725}, "(10.0, -10.0, 0.0)": {"Option 4.0": 0, "Option 15.0": 0.006914864228819127}, "(10.0, -0.0, 0.0)": {"Option 4.0": 0.007174862907558423, "Option 15.0": 0}, "(-0.0, -20.0, 0.0)": {"Option 4.0": 0, "Option 15.0": 0.006618759761126453}}}, "Agent 1": {"Neighbour 0": {"(0, 0, 0)": {"Option 4.0": 0.03701631896205585, "Option 15.0": 0.01939256738871374}, "(20.0, 0.0, 0.0)": {"Option 4.0": 0.0062370132177631205, "Option 15.0": 0}, "(0.0, 10.0, 0.0)": {"Option 4.0": 0.013187325462659816, "Option 15.0": 0.013203554144969543}}, "Neighbour 1": {}, "Neighbour 2": {"(0, 0, 0)": {"Option 4.0": 0.03875199632883079, "Option 15.0": 0.007963970606812726}, "(20.0, 0.0, 0.0)": {"Option 4.0": 0.0062370132177631205, "Option 15.0": 0}, "(0.0, 10.0, 0.0)": {"Option 4.0": 0.019626067995363032, "Option 15.0": 0.007765119555290651}}, "Neighbour 3": {"(0, 0, 0)": {"Option 4.0": 0.03853737595228255, "Option 15.0": 0.02013759544320699}, "(20.0, 0.0, 0.0)": {"Option 4.0": 0, "Option 15.0": 0.0062370132177631205}, "(0.0, 10.0, 0.0)": {"Option 4.0": 0.02178437873750358, "Option 15.0": 0}}}, "Agent 2": {"Neighbour 0": {"(0, 0, 0)": {"Option 4.0": 0.03963386318140105, "Option 15.0": 0.019810145462244973}, "(-0.0, -20.0, 0.0)": {"Option 4.0": 0, "Option 15.0": 0.0063469598606891225}, "(10.0, 0.0, 0.0)": {"Option 4.0": 0.01754644400384852, "Option 15.0": 0}}, "Neighbour 1": {"(0, 0, 0)": {"Option 4.0": 0.040643640813674595, "Option 15.0": 0.023496076090212745}, "(-0.0, -20.0, 0.0)": {"Option 4.0": 0, "Option 15.0": 0.0063469598606891225}, "(10.0, 0.0, 0.0)": {"Option 4.0": 0.01927408299845678, "Option 15.0": 0}}, "Neighbour 2": {}, "Neighbour 3": {"(0, 0, 0)": {"Option 4.0": 0.03976030765842028, "Option 15.0": 0.02675526838954377}, "(-0.0, -20.0, 0.0)": {"Option 4.0": 0, "Option 15.0": 0.0063469598606891225}, "(10.0, 0.0, 0.0)": {"Option 4.0": 0.01754644400384852, "Option 15.0": 0}}}, "Agent 3": {"Neighbour 0": {"(0, 0, 0)": {"Option 4.0": 0, "Option 15.0": 0}, "(-10.0, 10.0, 0.0)": {"Option 4.0": 0.007370772287507134, "Option 15.0": 0.013760389410615305}, "(-10.0, 0.0, 0.0)": {"Option 4.0": 0.0075465572280530475, "Option 15.0": 0.02845115878879804}, "(-140.0, 90.0, 0.0)": {"Option 4.0": 0, "Option 15.0": 0.0012167283833780843}}, "Neighbour 1": {"(0, 0, 0)": {"Option 4.0": 0, "Option 15.0": 0}, "(-10.0, 10.0, 0.0)": {"Option 4.0": 0.013992426152590803, "Option 15.0": 0.007370419134424744}, "(-10.0, 0.0, 0.0)": {"Option 4.0": 0.024719939712855226, "Option 15.0": 0.01891856890968603}, "(-140.0, 90.0, 0.0)": {"Option 4.0": 0.0012167283833780843, "Option 15.0": 0}}, "Neighbour 2": {"(0, 0, 0)": {"Option 4.0": 0, "Option 15.0": 0}, "(-10.0, 10.0, 0.0)": {"Option 4.0": 0.014650150278824828, "Option 15.0": 0.007905524502215619}, "(-10.0, 0.0, 0.0)": {"Option 4.0": 0.013571991558342756, "Option 15.0": 0.026041452966649267}, "(-140.0, 90.0, 0.0)": {"Option 4.0": 0, "Option 15.0": 0.0012167283833780843}}, "Neighbour 3": {}}}}