{"0": {"Agent 0": {"Neighbour 0": {}, "Neighbour 1": {"(0, 0, 0)": {"Option 4.0": 0, "Option 15.0": 0}, "(-10.0, 0.0, 0.0)": {"Option 4.0": 0.06104426096878935, "Option 15.0": 0.10723407145696615}}, "Neighbour 2": {"(0, 0, 0)": {"Option 4.0": 0, "Option 15.0": 0}, "(-10.0, 0.0, 0.0)": {"Option 4.0": 0.1049009921915681, "Option 15.0": 0.0705524287386831}}, "Neighbour 3": {"(0, 0, 0)": {"Option 4.0": 0, "Option 15.0": 0}, "(-10.0, 0.0, 0.0)": {"Option 4.0": 0.05149110144593689, "Option 15.0": 0.10934061014785233}}, "Neighbour 4": {"(0, 0, 0)": {"Option 4.0": 0, "Option 15.0": 0}, "(-10.0, 0.0, 0.0)": {"Option 4.0": 0.06997640696714033, "Option 15.0": 0.10490099807687109}}, "Neighbour 5": {"(0, 0, 0)": {"Option 4.0": 0, "Option 15.0": 0}, "(-10.0, 0.0, 0.0)": {"Option 4.0": 0.06129881157443837, "Option 15.0": 0.10490102639532356}}, "Neighbour 6": {"(0, 0, 0)": {"Option 4.0": 0, "Option 15.0": 0}, "(-10.0, 0.0, 0.0)": {"Option 4.0": 0.10490105269335231, "Option 15.0": 0.060358525110152446}}}, "Agent 1": {"Neighbour 0": {"(0, 0, 0)": {"Option 4.0": 0, "Option 15.0": 0}, "(10.0, 0.0, 0.0)": {"Option 4.0": 0.024255329925178308, "Option 15.0": 0.07072216889331193}, "(0.0, -10.0, 0.0)": {"Option 4.0": 0.018058596212386778, "Option 15.0": 0.030449882097379897}}, "Neighbour 1": {}, "Neighbour 2": {"(0, 0, 0)": {"Option 4.0": 0, "Option 15.0": 0}, "(10.0, 0.0, 0.0)": {"Option 4.0": 0.06225332273353745, "Option 15.0": 0.030874691941309096}, "(0.0, -10.0, 0.0)": {"Option 4.0": 0.02659783672359851, "Option 15.0": 0.01683771099301099}}, "Neighbour 3": {"(0, 0, 0)": {"Option 4.0": 0, "Option 15.0": 0}, "(10.0, 0.0, 0.0)": {"Option 4.0": 0.06629207030265058, "Option 15.0": 0.05220073044291658}, "(0.0, -10.0, 0.0)": {"Option 4.0": 0.02946207695356741, "Option 15.0": 0.015572625495517614}}, "Neighbour 4": {"(0, 0, 0)": {"Option 4.0": 0, "Option 15.0": 0}, "(10.0, 0.0, 0.0)": {"Option 4.0": 0.05444003711159403, "Option 15.0": 0.05410438796499696}, "(0.0, -10.0, 0.0)": {"Option 4.0": 0.02855296546495682, "Option 15.0": 0.014882582251652683}}, "Neighbour 5": {"(0, 0, 0)": {"Option 4.0": 0, "Option 15.0": 0}, "(10.0, 0.0, 0.0)": {"Option 4.0": 0.04792023149153099, "Option 15.0": 0.05844930322322334}, "(0.0, -10.0, 0.0)": {"Option 4.0": 0.01683771099301099, "Option 15.0": 0.02659783672359851}}, "Neighbour 6": {"(0, 0, 0)": {"Option 4.0": 0, "Option 15.0": 0}, "(10.0, 0.0, 0.0)": {"Option 4.0": 0.030296328998133882, "Option 15.0": 0.062138480429415555}, "(0.0, -10.0, 0.0)": {"Option 4.0": 0.014644068089932284, "Option 15.0": 0.028352751046061477}}}, "Agent 2": {"Neighbour 0": {"(0, 0, 0)": {"Option 4.0": 0, "Option 15.0": 0}, "(-10.0, 10.0, 0.0)": {"Option 4.0": 0, "Option 15.0": 0.012995866034191277}}, "Neighbour 1": {"(0, 0, 0)": {"Option 4.0": 0, "Option 15.0": 0}, "(-10.0, 10.0, 0.0)": {"Option 4.0": 0.012995866034191277, "Option 15.0": 0}}, "Neighbour 2": {}, "Neighbour 3": {"(0, 0, 0)": {"Option 4.0": 0, "Option 15.0": 0}, "(-10.0, 10.0, 0.0)": {"Option 4.0": 0, "Option 15.0": 0.012995866034191277}}, "Neighbour 4": {"(0, 0, 0)": {"Option 4.0": 0, "Option 15.0": 0}, "(-10.0, 10.0, 0.0)": {"Option 4.0": 0.013228940035156204, "Option 15.0": 0}}, "Neighbour 5": {"(0, 0, 0)": {"Option 4.0": 0, "Option 15.0": 0}, "(-10.0, 10.0, 0.0)": {"Option 4.0": 0, "Option 15.0": 0.012995866034191277}}, "Neighbour 6": {"(0, 0, 0)": {"Option 4.0": 0, "Option 15.0": 0}, "(-10.0, 10.0, 0.0)": {"Option 4.0": 0.012995866034191277, "Option 15.0": 0}}}, "Agent 3": {"Neighbour 0": {"(0, 0, 0)": {"Option 4.0": 0.09436167291464355, "Option 15.0": 0.08414952919536936}, "(-10.0, -0.0, -0.0)": {"Option 4.0": 0.021043974312194746, "Option 15.0": 0}, "(-0.0, -10.0, 0.0)": {"Option 4.0": 0.08776287787359689, "Option 15.0": 0.02017776163530098}}, "Neighbour 1": {"(0, 0, 0)": {"Option 4.0": 0.09581666471081329, "Option 15.0": 0.06273286717768922}, "(-10.0, -0.0, -0.0)": {"Option 4.0": 0.021043974312194746, "Option 15.0": 0}, "(-0.0, -10.0, 0.0)": {"Option 4.0": 0.07837193832099373, "Option 15.0": 0.05610211064615201}}, "Neighbour 2": {"(0, 0, 0)": {"Option 4.0": 0.07631730014205108, "Option 15.0": 0.08946660490897165}, "(-10.0, -0.0, -0.0)": {"Option 4.0": 0, "Option 15.0": 0.021043974312194746}, "(-0.0, -10.0, 0.0)": {"Option 4.0": 0.03359504013397651, "Option 15.0": 0.08097509162437597}}, "Neighbour 3": {}, "Neighbour 4": {"(0, 0, 0)": {"Option 4.0": 0.044512272016450846, "Option 15.0": 0.09073906540124303}, "(-10.0, -0.0, -0.0)": {"Option 4.0": 0.021043974312194746, "Option 15.0": 0}, "(-0.0, -10.0, 0.0)": {"Option 4.0": 0.019409658106845445, "Option 15.0": 0.08290583828511147}}, "Neighbour 5": {"(0, 0, 0)": {"Option 4.0": 0.0903695306523079, "Option 15.0": 0.06135924820611488}, "(-10.0, -0.0, -0.0)": {"Option 4.0": 0.021043974312194746, "Option 15.0": 0}, "(-0.0, -10.0, 0.0)": {"Option 4.0": 0.0805006467054875, "Option 15.0": 0.034033047406197836}}, "Neighbour 6": {"(0, 0, 0)": {"Option 4.0": 0.09018293646194916, "Option 15.0": 0.06684709934859737}, "(-10.0, -0.0, -0.0)": {"Option 4.0": 0.021043974312194746, "Option 15.0": 0}, "(-0.0, -10.0, 0.0)": {"Option 4.0": 0.08072593020330109, "Option 15.0": 0.0329591718395216}}}, "Agent 4": {"Neighbour 0": {"(0, 0, 0)": {"Option 4.0": 0, "Option 15.0": 0}, "(-10.0, 10.0, -0.0)": {"Option 4.0": 0.012364343055479725, "Option 15.0": 0.010418741542955951}, "(-0.0, 10.0, -0.0)": {"Option 4.0": 0, "Option 15.0": 0.012044483459945722}}, "Neighbour 1": {"(0, 0, 0)": {"Option 4.0": 0, "Option 15.0": 0}, "(-10.0, 10.0, -0.0)": {"Option 4.0": 0.011970331172442797, "Option 15.0": 0.010418741542955951}, "(-0.0, 10.0, -0.0)": {"Option 4.0": 0, "Option 15.0": 0.011653700048246372}}, "Neighbour 2": {"(0, 0, 0)": {"Option 4.0": 0, "Option 15.0": 0}, "(-10.0, 10.0, -0.0)": {"Option 4.0": 0.02030532440680756, "Option 15.0": 0}, "(-0.0, 10.0, -0.0)": {"Option 4.0": 0.011653700048246372, "Option 15.0": 0}}, "Neighbour 3": {"(0, 0, 0)": {"Option 4.0": 0, "Option 15.0": 0}, "(-10.0, 10.0, -0.0)": {"Option 4.0": 0.02030532440680756, "Option 15.0": 0}, "(-0.0, 10.0, -0.0)": {"Option 4.0": 0, "Option 15.0": 0.011653700048246372}}, "Neighbour 4": {}, "Neighbour 5": {"(0, 0, 0)": {"Option 4.0": 0, "Option 15.0": 0}, "(-10.0, 10.0, -0.0)": {"Option 4.0": 0.010418741542955951, "Option 15.0": 0.011970331172442797}, "(-0.0, 10.0, -0.0)": {"Option 4.0": 0.011653700048246372, "Option 15.0": 0}}, "Neighbour 6": {"(0, 0, 0)": {"Option 4.0": 0, "Option 15.0": 0}, "(-10.0, 10.0, -0.0)": {"Option 4.0": 0.02030532440680756, "Option 15.0": 0}, "(-0.0, 10.0, -0.0)": {"Option 4.0": 0, "Option 15.0": 0.011653700048246372}}}, "Agent 5": {"Neighbour 0": {"(0, 0, 0)": {"Option 4.0": 0, "Option 15.0": 0}, "(20.0, 0.0, 0.0)": {"Option 4.0": 0, "Option 15.0": 0.008203972444013765}}, "Neighbour 1": {"(0, 0, 0)": {"Option 4.0": 0, "Option 15.0": 0}, "(20.0, 0.0, 0.0)": {"Option 4.0": 0.008203972444013765, "Option 15.0": 0}}, "Neighbour 2": {"(0, 0, 0)": {"Option 4.0": 0, "Option 15.0": 0}, "(20.0, 0.0, 0.0)": {"Option 4.0": 0, "Option 15.0": 0.008203972444013765}}, "Neighbour 3": {"(0, 0, 0)": {"Option 4.0": 0, "Option 15.0": 0}, "(20.0, 0.0, 0.0)": {"Option 4.0": 0.008203972444013765, "Option 15.0": 0}}, "Neighbour 4": {"(0, 0, 0)": {"Option 4.0": 0, "Option 15.0": 0}, "(20.0, 0.0, 0.0)": {"Option 4.0": 0, "Option 15.0": 0.008203972444013765}}, "Neighbour 5": {}, "Neighbour 6": {"(0, 0, 0)": {"Option 4.0": 0, "Option 15.0": 0}, "(20.0, 0.0, 0.0)": {"Option 4.0": 0.008203972444013765, "Option 15.0": 0}}}, "Agent 6": {"Neighbour 0": {"(0, 0, 0)": {"Option 4.0": 0, "Option 15.0": 0}, "(10.0, -0.0, 0.0)": {"Option 4.0": 0.009217166638480188, "Option 15.0": 0}}, "Neighbour 1": {"(0, 0, 0)": {"Option 4.0": 0, "Option 15.0": 0}, "(10.0, -0.0, 0.0)": {"Option 4.0": 0, "Option 15.0": 0.009217166638480188}}, "Neighbour 2": {"(0, 0, 0)": {"Option 4.0": 0, "Option 15.0": 0}, "(10.0, -0.0, 0.0)": {"Option 4.0": 0, "Option 15.0": 0.009217166638480188}}, "Neighbour 3": {"(0, 0, 0)": {"Option 4.0": 0, "Option 15.0": 0},